what,kind,bundleId,bundleVersion,description,time
stopped,bundle,org.eclipse.wst.jsdt.web.support.jsp,1.0.304.v201110211728,"org.eclipse.wst.jsdt.web.support.jsp",1351005138916
stopped,bundle,org.eclipse.jst.jsp.ui,1.1.505.v201110211728,"org.eclipse.jst.jsp.ui",1351005138916
stopped,bundle,com.google.gdt.eclipse.platform.shared,3.1.0.v201208080122-rel-r36,"com.google.gdt.eclipse.platform.shared",1351005138916
stopped,bundle,org.eclipse.jdt.ui,3.6.2.r362_v20110203,"org.eclipse.jdt.ui",1351005138932
stopped,bundle,org.eclipse.rse.importexport,1.2.101.v201008191400,"org.eclipse.rse.importexport",1351005138932
stopped,bundle,org.eclipse.rse.subsystems.shells.telnet,1.2.0.v200905272300,"org.eclipse.rse.subsystems.shells.telnet",1351005138932
stopped,bundle,org.eclipse.rse.useractions,1.1.100.v200905272300,"org.eclipse.rse.useractions",1351005138932
stopped,bundle,org.eclipse.rse.shells.ui,3.0.200.v201006041352,"org.eclipse.rse.shells.ui",1351005138932
stopped,bundle,org.eclipse.rse.files.ui,3.1.102.R32x_v201102011435,"org.eclipse.rse.files.ui",1351005138932
stopped,bundle,org.eclipse.rse.processes.ui,3.0.200.v201003010830,"org.eclipse.rse.processes.ui",1351005138932
stopped,bundle,org.eclipse.wst.dtd.ui,1.0.500.v201004290328,"org.eclipse.wst.dtd.ui",1351005138932
stopped,bundle,org.eclipse.wst.wsi.ui,1.0.501.v201004201506,"org.eclipse.wst.wsi.ui",1351005138932
stopped,bundle,org.eclipse.wst.wsdl.ui,1.2.306.v201106290347,"org.eclipse.wst.wsdl.ui",1351005138932
stopped,bundle,org.eclipse.wst.jsdt.web.ui,1.0.305.v201110211728,"org.eclipse.wst.jsdt.web.ui",1351005138932
stopped,bundle,org.eclipse.wst.web.ui,1.1.401.v201109151600,"org.eclipse.wst.web.ui",1351005138932
stopped,bundle,org.eclipse.wst.html.ui,1.0.505.v201106160200,"org.eclipse.wst.html.ui",1351005138932
stopped,bundle,org.eclipse.wst.css.ui,1.0.502.v201101122002,"org.eclipse.wst.css.ui",1351005138932
stopped,bundle,org.eclipse.wst.xsl.exslt.ui,1.0.0.v201006012005,"org.eclipse.wst.xsl.exslt.ui",1351005138932
stopped,bundle,org.eclipse.wst.xsl.ui,1.1.1.v201009091745,"org.eclipse.wst.xsl.ui",1351005138932
stopped,bundle,org.eclipse.wst.xml.xpath.ui,1.1.2.v201101212242,"org.eclipse.wst.xml.xpath.ui",1351005138932
stopped,bundle,org.eclipse.wst.xsl.debug.ui,1.0.101.v201102111830,"org.eclipse.wst.xsl.debug.ui",1351005138932
stopped,bundle,org.eclipse.wst.xsd.ui,1.2.305.v201104132127,"org.eclipse.wst.xsd.ui",1351005138932
stopped,bundle,org.eclipse.wst.xml.ui,1.1.105.v201106142156,"org.eclipse.wst.xml.ui",1351005138932
stopped,bundle,org.eclipse.wst.common.ui,1.1.500.v200911190730,"org.eclipse.wst.common.ui",1351005138932
stopped,bundle,org.eclipse.wst.jsdt.support.firefox,1.0.300.v201004150600,"org.eclipse.wst.jsdt.support.firefox",1351005138932
stopped,bundle,org.eclipse.wst.jsdt.debug.ui,1.0.6.v201109150205,"org.eclipse.wst.jsdt.debug.ui",1351005138932
stopped,bundle,org.eclipse.wst.jsdt.ui,1.1.7.v201109150205,"org.eclipse.wst.jsdt.ui",1351005138963
stopped,bundle,org.eclipse.wst.sse.ui,1.2.5.v201108191505,"org.eclipse.wst.sse.ui",1351005138963
stopped,bundle,org.eclipse.search,3.6.0.v20100520-0800,"org.eclipse.search",1351005138963
stopped,bundle,org.eclipse.datatools.enablement.sybase.asa.ui,1.0.1.v200906111150,"org.eclipse.datatools.enablement.sybase.asa.ui",1351005138963
stopped,bundle,org.eclipse.datatools.enablement.sybase.ase.ui,1.0.1.v200906020900,"org.eclipse.datatools.enablement.sybase.ase.ui",1351005138963
stopped,bundle,org.eclipse.datatools.sqltools.ddlgen.ui,1.0.1.v201002270530,"org.eclipse.datatools.sqltools.ddlgen.ui",1351005138963
stopped,bundle,org.eclipse.datatools.connectivity.ui.dse,1.1.4.v201004270430,"org.eclipse.datatools.connectivity.ui.dse",1351005138963
stopped,bundle,org.eclipse.mylyn.commons.team,0.9.1.v20120412-0100,"org.eclipse.mylyn.commons.team",1351005138963
stopped,bundle,org.eclipse.mylyn.team.ui,3.7.1.v20120425-0100,"org.eclipse.mylyn.team.ui",1351005138963
stopped,bundle,org.eclipse.ui.navigator.resources,3.4.202.M20101124-0800,"org.eclipse.ui.navigator.resources",1351005138963
stopped,bundle,org.eclipse.ltk.ui.refactoring,3.5.0.v20100526-0800,"org.eclipse.ltk.ui.refactoring",1351005138979
stopped,bundle,org.eclipse.team.cvs.ui,3.3.302.R36x_v20110203-1036,"org.eclipse.team.cvs.ui",1351005138979
stopped,bundle,org.eclipse.team.ui,3.5.102.R36x_v20110203-1036,"org.eclipse.team.ui",1351005138979
stopped,bundle,org.eclipse.mylyn.bugzilla.ui,3.7.1.v20120425-0100,"org.eclipse.mylyn.bugzilla.ui",1351005138979
stopped,bundle,org.eclipse.mylyn.ide.ui,3.7.1.v20120425-0100,"org.eclipse.mylyn.ide.ui",1351005138979
stopped,bundle,org.eclipse.mylyn.resources.ui,3.7.1.v20120425-0100,"org.eclipse.mylyn.resources.ui",1351005138979
stopped,bundle,org.eclipse.mylyn.wikitext.tasks.ui,1.3.1.v20100823-0100-e3x,"org.eclipse.mylyn.wikitext.tasks.ui",1351005138979
stopped,bundle,org.eclipse.mylyn.context.tasks.ui,3.7.1.v20120425-0100,"org.eclipse.mylyn.context.tasks.ui",1351005138979
stopped,bundle,org.eclipse.mylyn.help.ui,3.7.1.v20120425-0100,"org.eclipse.mylyn.help.ui",1351005138979
stopped,bundle,org.eclipse.mylyn.tasks.bugs,3.7.1.v20120425-0100,"org.eclipse.mylyn.tasks.bugs",1351005138979
stopped,bundle,org.eclipse.mylyn.tasks.ui,3.7.1.v20120425-0100,"org.eclipse.mylyn.tasks.ui",1351005138979
stopped,bundle,org.eclipse.compare,3.5.101.R36x_v20100929-0800,"org.eclipse.compare",1351005138979
stopped,bundle,org.eclipse.datatools.enablement.ingres.ui,1.0.0.v201006242214,"org.eclipse.datatools.enablement.ingres.ui",1351005138979
stopped,bundle,org.eclipse.datatools.sqltools.db.derby.ui,1.0.0.v200906020900,"org.eclipse.datatools.sqltools.db.derby.ui",1351005138979
stopped,bundle,org.eclipse.datatools.sqltools.db.generic.ui,1.0.0.v200906020900,"org.eclipse.datatools.sqltools.db.generic.ui",1351005138979
stopped,bundle,org.eclipse.datatools.sqltools.routineeditor.ui,1.0.1.v201004060545,"org.eclipse.datatools.sqltools.routineeditor.ui",1351005138979
stopped,bundle,org.eclipse.datatools.sqltools.sqlbuilder,1.0.3.v201009131745,"org.eclipse.datatools.sqltools.sqlbuilder",1351005138979
stopped,bundle,org.eclipse.datatools.sqltools.debugger.core,1.0.1.v201005250945,"org.eclipse.datatools.sqltools.debugger.core",1351005138979
stopped,bundle,org.eclipse.datatools.sqltools.schemaobjecteditor.ui.pages,1.1.0.200810071,"org.eclipse.datatools.sqltools.schemaobjecteditor.ui.pages",1351005138994
stopped,bundle,org.eclipse.datatools.sqltools.schemaobjecteditor.ui,1.1.1.200810071,"org.eclipse.datatools.sqltools.schemaobjecteditor.ui",1351005138994
stopped,bundle,org.eclipse.datatools.sqltools.sqlscrapbook,1.0.1.v201005250945,"org.eclipse.datatools.sqltools.sqlscrapbook",1351005138994
stopped,bundle,org.eclipse.datatools.sqltools.sqleditor,1.0.2.v201009230800,"org.eclipse.datatools.sqltools.sqleditor",1351005138994
stopped,bundle,org.eclipse.datatools.sqltools.editor.core.ui,1.0.0.v201001150815,"org.eclipse.datatools.sqltools.editor.core.ui",1351005138994
stopped,bundle,org.eclipse.datatools.sqltools.plan,1.0.0.v200906022302,"org.eclipse.datatools.sqltools.plan",1351005138994
stopped,bundle,org.eclipse.datatools.sqltools.data.ui,1.2.0.v201005250945,"org.eclipse.datatools.sqltools.data.ui",1351005138994
stopped,bundle,org.eclipse.datatools.sqltools.tabledataeditor,1.0.1.v201005250945,"org.eclipse.datatools.sqltools.tabledataeditor",1351005138994
stopped,bundle,org.eclipse.datatools.sqltools.result.ui,1.1.1.v201101140400,"org.eclipse.datatools.sqltools.result.ui",1351005138994
stopped,bundle,org.eclipse.datatools.sqltools.common.ui,1.0.0.v200906022302,"org.eclipse.datatools.sqltools.common.ui",1351005138994
stopped,bundle,org.eclipse.ui.externaltools,3.2.0.v20100427,"org.eclipse.ui.externaltools",1351005138994
stopped,bundle,org.eclipse.wst.server.preview.adapter,1.1.0.v20090311b,"org.eclipse.wst.server.preview.adapter",1351005138994
stopped,bundle,org.eclipse.wst.server.http.ui,1.0.200.v20090113,"org.eclipse.wst.server.http.ui",1351005138994
stopped,bundle,org.eclipse.wst.server.ui,1.1.209.v20111005_1716,"org.eclipse.wst.server.ui",1351005138994
stopped,bundle,org.eclipse.debug.ui,3.6.3.v20101201_r362,"org.eclipse.debug.ui",1351005138994
stopped,bundle,org.eclipse.mylyn.wikitext.ui,1.3.0.v20100608-0100-e3x,"org.eclipse.mylyn.wikitext.ui",1351005138994
stopped,bundle,org.eclipse.rse.subsystems.files.dstore,2.1.102.R32x_v201102011435,"org.eclipse.rse.subsystems.files.dstore",1351005138994
stopped,bundle,org.eclipse.rse.subsystems.processes.dstore,2.1.100.v200905272300,"org.eclipse.rse.subsystems.processes.dstore",1351005138994
stopped,bundle,org.eclipse.rse.subsystems.shells.dstore,2.1.201.v201008191400,"org.eclipse.rse.subsystems.shells.dstore",1351005138994
stopped,bundle,org.eclipse.rse.connectorservice.dstore,3.1.100.v201005281600,"org.eclipse.rse.connectorservice.dstore",1351005138994
stopped,bundle,org.eclipse.rse.subsystems.files.local,2.1.101.v200907301400,"org.eclipse.rse.subsystems.files.local",1351005138994
stopped,bundle,org.eclipse.rse.subsystems.processes.local,2.1.100.v200905272300,"org.eclipse.rse.subsystems.processes.local",1351005139010
stopped,bundle,org.eclipse.rse.subsystems.shells.local,2.1.100.v200905272300,"org.eclipse.rse.subsystems.shells.local",1351005139010
stopped,bundle,org.eclipse.rse.connectorservice.local,2.1.100.v200905272300,"org.eclipse.rse.connectorservice.local",1351005139010
stopped,bundle,org.eclipse.rse.subsystems.files.ssh,2.1.100.v200905272300,"org.eclipse.rse.subsystems.files.ssh",1351005139010
stopped,bundle,org.eclipse.rse.subsystems.shells.ssh,2.1.100.v200905272300,"org.eclipse.rse.subsystems.shells.ssh",1351005139010
stopped,bundle,org.eclipse.rse.subsystems.terminals.ssh,1.0.1.v200908051630,"org.eclipse.rse.subsystems.terminals.ssh",1351005139010
stopped,bundle,org.eclipse.rse.connectorservice.ssh,2.1.100.v200905272300,"org.eclipse.rse.connectorservice.ssh",1351005139010
stopped,bundle,org.eclipse.rse.connectorservice.telnet,1.2.1.v200908051630,"org.eclipse.rse.connectorservice.telnet",1351005139010
stopped,bundle,org.eclipse.rse.dstore.security,3.0.200.v201003010830,"org.eclipse.rse.dstore.security",1351005139010
stopped,bundle,org.eclipse.rse.efs,2.1.200.v201005262000,"org.eclipse.rse.efs",1351005139010
stopped,bundle,org.eclipse.rse.subsystems.files.ftp,2.1.100.v200905272300,"org.eclipse.rse.subsystems.files.ftp",1351005139010
stopped,bundle,org.eclipse.rse.subsystems.shells.core,3.1.100.v201003010830,"org.eclipse.rse.subsystems.shells.core",1351005139010
stopped,bundle,org.eclipse.rse.subsystems.files.core,3.2.1.v201008191400,"org.eclipse.rse.subsystems.files.core",1351005139010
stopped,bundle,org.eclipse.rse.subsystems.processes.shell.linux,1.1.100.v200905272300,"org.eclipse.rse.subsystems.processes.shell.linux",1351005139010
stopped,bundle,org.eclipse.rse.subsystems.processes.core,3.1.100.v201003010830,"org.eclipse.rse.subsystems.processes.core",1351005139010
stopped,bundle,org.eclipse.rse.terminals.ui,1.0.100.v201006041352,"org.eclipse.rse.terminals.ui",1351005139010
stopped,bundle,org.eclipse.rse.ui,3.1.102.R32x_v201102011435,"org.eclipse.rse.ui",1351005139010
stopped,bundle,org.eclipse.ui.console,3.5.0.v20100526,"org.eclipse.ui.console",1351005139010
stopped,bundle,org.eclipse.mylyn.commons.notifications,0.9.1.v20120412-0100,"org.eclipse.mylyn.commons.notifications",1351005139010
stopped,bundle,org.eclipse.mylyn.commons.notifications.ui,0.9.1.v20120425-0100,"org.eclipse.mylyn.commons.notifications.ui",1351005139010
stopped,bundle,org.eclipse.mylyn.commons.repositories.ui,0.9.1.v20120425-0100,"org.eclipse.mylyn.commons.repositories.ui",1351005139010
stopped,bundle,org.eclipse.mylyn.context.ui,3.7.1.v20120425-0100,"org.eclipse.mylyn.context.ui",1351005139010
stopped,bundle,org.eclipse.mylyn.commons.workbench,3.7.1.v20120425-0100,"org.eclipse.mylyn.commons.workbench",1351005139010
stopped,bundle,org.eclipse.mylyn.commons.ui,3.7.1.v20120425-0100,"org.eclipse.mylyn.commons.ui",1351005139010
stopped,bundle,org.eclipse.ui.editors,3.6.1.r361_v20100825-0800,"org.eclipse.ui.editors",1351005139010
stopped,bundle,org.eclipse.wst.common.snippets,1.2.2.v201101130441,"org.eclipse.wst.common.snippets",1351005139010
stopped,bundle,org.eclipse.ui.workbench.texteditor,3.6.1.r361_v20100714-0800,"org.eclipse.ui.workbench.texteditor",1351005139010
stopped,bundle,org.eclipse.compare.core,3.5.101.R36x_v20100929-0800,"org.eclipse.compare.core",1351005139010
stopped,bundle,org.eclipse.emf.databinding.edit,1.2.0.v20100914-1218,"org.eclipse.emf.databinding.edit",1351005139010
stopped,bundle,org.eclipse.emf.databinding,1.2.0.v20100914-1218,"org.eclipse.emf.databinding",1351005139010
stopped,bundle,org.eclipse.datatools.connectivity.apache.derby.ui,1.0.3.v201007080903,"org.eclipse.datatools.connectivity.apache.derby.ui",1351005139010
stopped,bundle,org.eclipse.datatools.enablement.hsqldb.ui,1.0.0.v200906020900,"org.eclipse.datatools.enablement.hsqldb.ui",1351005139010
stopped,bundle,org.eclipse.datatools.enablement.sqlite.ui,1.0.0.v200906020900,"org.eclipse.datatools.enablement.sqlite.ui",1351005139010
stopped,bundle,org.eclipse.datatools.enablement.sybase.ui,1.0.0.v200906090458,"org.eclipse.datatools.enablement.sybase.ui",1351005139010
stopped,bundle,org.eclipse.datatools.connectivity.sqm.server.ui,1.1.100.v201009280455,"org.eclipse.datatools.connectivity.sqm.server.ui",1351005139010
stopped,bundle,org.eclipse.emf.exporter,2.6.0.v20100521-1846,"org.eclipse.emf.exporter",1351005139010
stopped,bundle,org.eclipse.emf.importer.ecore,2.6.0.v20100521-1846,"org.eclipse.emf.importer.ecore",1351005139010
stopped,bundle,org.eclipse.emf.importer.java,2.6.0.v20100521-1846,"org.eclipse.emf.importer.java",1351005139010
stopped,bundle,org.eclipse.emf.importer.rose,2.6.0.v20100521-1846,"org.eclipse.emf.importer.rose",1351005139010
stopped,bundle,org.eclipse.emf.importer,2.6.0.v20100521-1846,"org.eclipse.emf.importer",1351005139010
stopped,bundle,org.eclipse.emf.converter,2.5.0.v20100914-1218,"org.eclipse.emf.converter",1351005139010
stopped,bundle,org.eclipse.emf.codegen.ecore.ui,2.6.0.v20100914-1218,"org.eclipse.emf.codegen.ecore.ui",1351005139010
stopped,bundle,org.eclipse.emf.mapping.ecore2ecore.editor,2.4.0.v20100521-1847,"org.eclipse.emf.mapping.ecore2ecore.editor",1351005139010
stopped,bundle,org.eclipse.emf.ecore.editor,2.6.0.v20100914-1218,"org.eclipse.emf.ecore.editor",1351005139010
stopped,bundle,org.eclipse.emf.mapping.ecore2xml.ui,2.5.0.v20100521-1847,"org.eclipse.emf.mapping.ecore2xml.ui",1351005139010
stopped,bundle,org.eclipse.emf.mapping.ui,2.6.0.v20100914-1218,"org.eclipse.emf.mapping.ui",1351005139010
stopped,bundle,org.eclipse.jst.jsf.facesconfig,1.2.1.v20100906,"org.eclipse.jst.jsf.facesconfig",1351005139010
stopped,bundle,org.eclipse.emf.edit.ui,2.6.0.v20100914-1218,"org.eclipse.emf.edit.ui",1351005139010
stopped,bundle,org.eclipse.gef,3.6.2.v20110110-2020,"org.eclipse.gef",1351005139010
stopped,bundle,org.eclipse.datatools.enablement.postgresql.ui,1.0.0.v200906020900,"org.eclipse.datatools.enablement.postgresql.ui",1351005139010
stopped,bundle,org.eclipse.datatools.connectivity.db.generic.ui,1.0.1.v201004070709,"org.eclipse.datatools.connectivity.db.generic.ui",1351005139010
stopped,bundle,org.eclipse.datatools.connectivity.oda.flatfile.ui,3.1.1.v201101261130,"org.eclipse.datatools.connectivity.oda.flatfile.ui",1351005139010
stopped,bundle,org.eclipse.datatools.enablement.oda.ws.ui,1.2.2.v201012301630,"org.eclipse.datatools.enablement.oda.ws.ui",1351005139010
stopped,bundle,org.eclipse.datatools.enablement.oda.xml.ui,1.2.1.v201012161115,"org.eclipse.datatools.enablement.oda.xml.ui",1351005139010
stopped,bundle,org.eclipse.datatools.connectivity.oda.design.ui,3.2.4.v201012150951,"org.eclipse.datatools.connectivity.oda.design.ui",1351005139026
stopped,bundle,org.eclipse.datatools.connectivity.sqm.core.ui,1.2.0.v201002281800,"org.eclipse.datatools.connectivity.sqm.core.ui",1351005139026
stopped,bundle,org.eclipse.datatools.enablement.ibm.db2.iseries.ui,1.0.1.v201005211230,"org.eclipse.datatools.enablement.ibm.db2.iseries.ui",1351005139026
stopped,bundle,org.eclipse.datatools.enablement.ibm.db2.luw.ui,1.0.2.v201005211230,"org.eclipse.datatools.enablement.ibm.db2.luw.ui",1351005139026
stopped,bundle,org.eclipse.datatools.enablement.ibm.db2.zseries.ui,1.0.1.v201005211230,"org.eclipse.datatools.enablement.ibm.db2.zseries.ui",1351005139026
stopped,bundle,org.eclipse.datatools.enablement.ibm.informix.ui,1.0.2.v201005211230,"org.eclipse.datatools.enablement.ibm.informix.ui",1351005139026
stopped,bundle,org.eclipse.datatools.enablement.msft.sqlserver.ui,1.0.1.v200908130512,"org.eclipse.datatools.enablement.msft.sqlserver.ui",1351005139026
stopped,bundle,org.eclipse.datatools.enablement.mysql.ui,1.0.0.v200906020900,"org.eclipse.datatools.enablement.mysql.ui",1351005139026
stopped,bundle,org.eclipse.datatools.enablement.oracle.ui,1.0.2.v201005051303,"org.eclipse.datatools.enablement.oracle.ui",1351005139026
stopped,bundle,org.eclipse.datatools.enablement.sap.maxdb.ui,1.0.0.v200906020900,"org.eclipse.datatools.enablement.sap.maxdb.ui",1351005139026
stopped,bundle,org.eclipse.datatools.connectivity.ui,1.2.1.v201010211415,"org.eclipse.datatools.connectivity.ui",1351005139026
stopped,bundle,org.eclipse.datatools.enablement.ibm.ui,1.0.0.v200906020900,"org.eclipse.datatools.enablement.ibm.ui",1351005139026
stopped,bundle,org.eclipse.datatools.sqltools.sql.ui,1.0.0.v200906022302,"org.eclipse.datatools.sqltools.sql.ui",1351005139026
stopped,bundle,org.eclipse.rse.services.dstore,3.1.102.R32x_v201102011435,"org.eclipse.rse.services.dstore",1351005139026
stopped,bundle,org.eclipse.dstore.core,3.2.2.R32x_v201102121806,"org.eclipse.dstore.core",1351005139026
stopped,bundle,org.eclipse.dstore.extra,2.1.101.v200907301400,"org.eclipse.dstore.extra",1351005139026
stopped,bundle,org.eclipse.emf.codegen.ui,2.6.0.v20100914-1218,"org.eclipse.emf.codegen.ui",1351005139026
stopped,bundle,org.eclipse.emf.common.ui,2.6.0.v20100914-1218,"org.eclipse.emf.common.ui",1351005139026
stopped,bundle,org.eclipse.epp.mpc.ui,1.0.1.v20100826-2143,"org.eclipse.epp.mpc.ui",1351005139026
stopped,bundle,org.eclipse.epp.usagedata.ui,1.3.1.R201102081640,"org.eclipse.epp.usagedata.ui",1351005139026
activated,perspective,org.eclipse.jst.j2ee.ui,,"org.eclipse.jst.j2ee.J2EEPerspective",1351079693071
started,bundle,org.eclipse.osgi,3.6.2.R36x_v20110210,"org.eclipse.osgi",1351079693071
started,bundle,org.eclipse.equinox.simpleconfigurator,1.0.200.v20100503,"org.eclipse.equinox.simpleconfigurator",1351079693071
started,bundle,com.ibm.icu,4.2.1.v20100412,"com.ibm.icu",1351079693103
started,bundle,org.eclipse.compare.core,3.5.101.R36x_v20100929-0800,"org.eclipse.compare.core",1351079693134
started,bundle,org.eclipse.core.contenttype,3.4.100.v20100505-1235,"org.eclipse.core.contenttype",1351079693134
started,bundle,org.eclipse.core.databinding.observable,1.3.0.I20100601-0800,"org.eclipse.core.databinding.observable",1351079693227
started,bundle,org.eclipse.core.expressions,3.4.200.v20100505,"org.eclipse.core.expressions",1351079693243
started,bundle,org.eclipse.core.filebuffers,3.5.100.v20100520-0800,"org.eclipse.core.filebuffers",1351079693259
started,bundle,org.eclipse.core.filesystem,1.3.1.R36x_v20100727-0745,"org.eclipse.core.filesystem",1351079693290
started,bundle,org.eclipse.core.jobs,3.5.1.R36x_v20100824,"org.eclipse.core.jobs",1351079693305
started,bundle,org.eclipse.core.net,1.2.100.I20100511-0800,"org.eclipse.core.net",1351079693321
started,bundle,org.eclipse.core.resources,3.6.1.R36x_v20110131-1630,"org.eclipse.core.resources",1351079693337
started,bundle,org.eclipse.core.runtime,3.6.0.v20100505,"org.eclipse.core.runtime",1351079693383
started,bundle,org.eclipse.core.runtime.compatibility,3.2.100.v20100505,"org.eclipse.core.runtime.compatibility",1351079693415
started,bundle,org.eclipse.core.runtime.compatibility.auth,3.2.200.v20100517,"org.eclipse.core.runtime.compatibility.auth",1351079693430
started,bundle,org.eclipse.debug.core,3.6.0.v20100519,"org.eclipse.debug.core",1351079693508
started,bundle,org.eclipse.debug.ui,3.6.3.v20101201_r362,"org.eclipse.debug.ui",1351079693617
started,bundle,org.eclipse.emf.common,2.6.0.v20100914-1218,"org.eclipse.emf.common",1351079693633
started,bundle,org.eclipse.emf.ecore,2.6.1.v20100914-1218,"org.eclipse.emf.ecore",1351079693649
started,bundle,org.eclipse.emf.ecore.xmi,2.5.0.v20100521-1846,"org.eclipse.emf.ecore.xmi",1351079693680
started,bundle,org.eclipse.epp.usagedata.gathering,1.3.1.R201102081640,"org.eclipse.epp.usagedata.gathering",1351079693680
started,bundle,org.eclipse.epp.usagedata.recording,1.3.1.R201102081640,"org.eclipse.epp.usagedata.recording",1351079693695
started,bundle,org.eclipse.equinox.app,1.3.1.R36x_v20100803,"org.eclipse.equinox.app",1351079693742
started,bundle,org.eclipse.equinox.common,3.6.0.v20100503,"org.eclipse.equinox.common",1351079693773
started,bundle,org.eclipse.equinox.ds,1.2.1.R36x_v20100803,"org.eclipse.equinox.ds",1351079693789
started,bundle,org.eclipse.equinox.event,1.2.0.v20100503,"org.eclipse.equinox.event",1351079693820
started,bundle,org.eclipse.equinox.p2.core,2.0.3.R36x_v20110111,"org.eclipse.equinox.p2.core",1351079693836
started,bundle,org.eclipse.equinox.p2.directorywatcher,1.0.203.R36x_v20101220,"org.eclipse.equinox.p2.directorywatcher",1351079693883
started,bundle,org.eclipse.equinox.p2.engine,2.0.1.R36x_v20110201,"org.eclipse.equinox.p2.engine",1351079693898
started,bundle,org.eclipse.equinox.p2.metadata,2.0.1.R36x_v20101202,"org.eclipse.equinox.p2.metadata",1351079693929
started,bundle,org.eclipse.equinox.p2.metadata.repository,1.1.0.v20100513,"org.eclipse.equinox.p2.metadata.repository",1351079693976
started,bundle,org.eclipse.equinox.p2.operations,2.0.0.v20100510,"org.eclipse.equinox.p2.operations",1351079694023
started,bundle,org.eclipse.equinox.p2.reconciler.dropins,1.1.2.R36x_v20110114,"org.eclipse.equinox.p2.reconciler.dropins",1351079694039
started,bundle,org.eclipse.equinox.p2.repository,2.0.2.R36x_v20110111-1500,"org.eclipse.equinox.p2.repository",1351079694054
started,bundle,org.eclipse.equinox.p2.ui.sdk.scheduler,1.0.0.v20100507-1815,"org.eclipse.equinox.p2.ui.sdk.scheduler",1351079694070
started,bundle,org.eclipse.equinox.p2.updatechecker,1.1.101.R36x_v20100823,"org.eclipse.equinox.p2.updatechecker",1351079694085
started,bundle,org.eclipse.equinox.preferences,3.3.0.v20100503,"org.eclipse.equinox.preferences",1351079694117
started,bundle,org.eclipse.equinox.registry,3.5.0.v20100503,"org.eclipse.equinox.registry",1351079694163
started,bundle,org.eclipse.equinox.security,1.0.200.v20100503,"org.eclipse.equinox.security",1351079694195
started,bundle,org.eclipse.equinox.util,1.0.200.v20100503,"org.eclipse.equinox.util",1351079694210
started,bundle,org.eclipse.help,3.5.0.v20100524,"org.eclipse.help",1351079694257
started,bundle,org.eclipse.jdt.core,3.6.2.v_A76_R36x,"org.eclipse.jdt.core",1351079694288
started,bundle,org.eclipse.jdt.core.manipulation,1.3.0.v20100520-0800,"org.eclipse.jdt.core.manipulation",1351079694304
started,bundle,org.eclipse.jdt.launching,3.5.200.v20110105_r362,"org.eclipse.jdt.launching",1351079694319
started,bundle,org.eclipse.jdt.ui,3.6.2.r362_v20110203,"org.eclipse.jdt.ui",1351079694382
started,bundle,org.eclipse.jem.util,2.1.3.v201012070000,"org.eclipse.jem.util",1351079694397
started,bundle,org.eclipse.jface,3.6.2.M20110210-1200,"org.eclipse.jface",1351079694444
started,bundle,org.eclipse.jst.common.project.facet.core,1.4.102.v201008182136,"org.eclipse.jst.common.project.facet.core",1351079694460
started,bundle,org.eclipse.jst.jsf.common,1.2.2.v201101211220,"org.eclipse.jst.jsf.common",1351079694475
started,bundle,org.eclipse.jst.jsf.facelet.ui,1.0.0.v20100602,"org.eclipse.jst.jsf.facelet.ui",1351079694507
started,bundle,org.eclipse.jst.ws.jaxws.utils,1.0.0.v201004171919,"org.eclipse.jst.ws.jaxws.utils",1351079694507
started,bundle,org.eclipse.search,3.6.0.v20100520-0800,"org.eclipse.search",1351079694522
started,bundle,org.eclipse.team.core,3.5.101.R36x_v20110203-1036,"org.eclipse.team.core",1351079694553
started,bundle,org.eclipse.ui,3.6.2.M20110203-1100,"org.eclipse.ui",1351079694616
started,bundle,org.eclipse.ui.console,3.5.0.v20100526,"org.eclipse.ui.console",1351079694631
started,bundle,org.eclipse.ui.editors,3.6.1.r361_v20100825-0800,"org.eclipse.ui.editors",1351079694631
started,bundle,org.eclipse.ui.forms,3.5.2.r36_v20100702,"org.eclipse.ui.forms",1351079694647
started,bundle,org.eclipse.ui.ide,3.6.2.M20101201-0800,"org.eclipse.ui.ide",1351079694678
started,bundle,org.eclipse.ui.net,1.2.100.I20100505-1245,"org.eclipse.ui.net",1351079694694
started,bundle,org.eclipse.ui.views,3.5.1.M20110202-0800,"org.eclipse.ui.views",1351079694709
started,bundle,org.eclipse.ui.workbench,3.6.2.M20110210-1200,"org.eclipse.ui.workbench",1351079694787
started,bundle,org.eclipse.ui.workbench.texteditor,3.6.1.r361_v20100714-0800,"org.eclipse.ui.workbench.texteditor",1351079694819
started,bundle,org.eclipse.update.scheduler,3.2.300.v20100512,"org.eclipse.update.scheduler",1351079694850
started,bundle,org.eclipse.wst.common.core,1.2.0.v200908252030,"org.eclipse.wst.common.core",1351079694865
started,bundle,org.eclipse.wst.common.emf,1.2.3.v201012100400,"org.eclipse.wst.common.emf",1351079694897
started,bundle,org.eclipse.wst.common.frameworks.ui,1.2.0.v201004080500,"org.eclipse.wst.common.frameworks.ui",1351079694912
started,bundle,org.eclipse.wst.common.project.facet.core,1.4.102.v201008170019,"org.eclipse.wst.common.project.facet.core",1351079694943
started,bundle,org.eclipse.wst.common.uriresolver,1.1.401.v201004280700,"org.eclipse.wst.common.uriresolver",1351079694990
started,bundle,org.eclipse.wst.css.ui,1.0.502.v201101122002,"org.eclipse.wst.css.ui",1351079695006
started,bundle,org.eclipse.wst.dtd.ui,1.0.500.v201004290328,"org.eclipse.wst.dtd.ui",1351079695084
started,bundle,org.eclipse.wst.jsdt.manipulation,1.0.200.v201004150600,"org.eclipse.wst.jsdt.manipulation",1351079695099
started,bundle,org.eclipse.wst.xsl.core,1.1.0.v201004290328,"org.eclipse.wst.xsl.core",1351079695131
started,bundle,org.eclipse.wst.xsl.exslt.core,1.0.0.v201005240426,"org.eclipse.wst.xsl.exslt.core",1351079695162
started,bundle,org.eclipse.jem,2.0.402.v201106132000,"org.eclipse.jem",1351079695224
